id,name,email,full_address
1,LEANNE GRAHAM,Sincere@april.biz,"Kulas Light, Apt. 556, Gwenborough, 92998-3874"
2,ERVIN HOWELL,Shanna@melissa.tv,"Victor Plains, Suite 879, Wisokyburgh, 90566-7771"
3,CLEMENTINE BAUCH,Nathan@yesenia.net,"Douglas Extension, Suite 847, McKenziehaven, 59590-4157"
4,PATRICIA LEBSACK,Julianne.OConner@kory.org,"Hoeger Mall, Apt. 692, South Elvis, 53919-4257"
5,CHELSEY DIETRICH,Lucio_Hettinger@annie.ca,"Skiles Walks, Suite 351, Roscoeview, 33263"
6,MRS. DENNIS SCHULIST,Karley_Dach@jasper.info,"Norberto Crossing, Apt. 950, South Christy, 23505-1337"
7,KURTIS WEISSNAT,Telly.Hoeger@billy.biz,"Rex Trail, Suite 280, Howemouth, 58804-1099"
8,NICHOLAS RUNOLFSDOTTIR V,Sherwood@rosamond.me,"Ellsworth Summit, Suite 729, Aliyaview, 45169"
9,GLENNA REICHERT,Chaim_McDermott@dana.io,"Dayna Park, Suite 449, Bartholomebury, 76495-3109"
10,CLEMENTINA DUBUQUE,Rey.Padberg@karina.biz,"Kattie Turnpike, Suite 198, Lebsackbury, 31428-2261"
